,Human,Chinpanzee,Duck ,Eagle,Turu,Tuna,Shark
Human,0.0,31.622776601683793,86.02325267042627,65.29931086925804,53.150729063673246,136.01470508735443,231.94827009486403
Chinpanzee,31.622776601683793,0.0,56.568542494923804,37.73592452822641,26.92582403567252,162.78820596099706,260.76809620810593
Duck ,86.02325267042627,56.568542494923804,0.0,21.540659228538015,33.54101966249684,200.24984394500785,300.66592756745814
Eagle,65.29931086925804,37.73592452822641,21.540659228538015,0.0,12.206555615733702,180.01111076819674,280.25702488965374
Turu,53.150729063673246,26.92582403567252,33.54101966249684,12.206555615733702,0.0,170.07351351694948,270.04629232781554
Tuna,136.01470508735443,162.78820596099706,200.24984394500785,180.01111076819674,170.07351351694948,0.0,100.4987562112089
Shark,231.94827009486403,260.76809620810593,300.66592756745814,280.25702488965374,270.04629232781554,100.4987562112089,0.0
